,0
0,1584597890617724928
1,bdunn300
2,samanth96173787
3,julie55443
4,GopherTheW
5,nmjohnson89
6,mnhumanrights
7,DrWalzMN
8,JodyAlford17
9,DianeRochMN
10,claybyington
11,magentanetzwerk
12,cj_devaan
13,wildmarshphoto
14,cbs144
15,pamgriffa
16,GSwensonSD
17,carsonca
18,OHarrysChar
19,Janeway12004
20,Skel531
21,ConradHarms
22,robgriddle
23,2672Local
24,dolly_horse
25,cdmorben
26,KarenJMerchant1
27,mrdunaganbailey
28,ConnieS53426503
29,EkbMary
30,Koogslaw
31,RiceCountyDFL
32,jenwo513
33,ouboomer61
34,AmyOnThePrairie
35,dandrenorton
36,mariedangelo22
37,BonneHargan
38,pat_thiel
39,Cindi1218
40,msbwul
41,IndivisibleMN58
42,SparkAlicia
43,Dirtface1
44,TShark4
45,frenfer123
46,LiLSilverJ
47,PHILCP69
48,BizonHornsUp
49,AnneLueben
50,purpleardvark
51,Chazraps
52,nsjww
53,MagentaMN
54,RTeachquijote
55,BillGoodermont
56,MorrisOldtom
57,jonimanderson
58,SharonJ94772600
59,MssBrown2u
60,pblefty3
61,OpalEssence1990
62,JenniferNicoleN
63,krisartis123
64,SibilYarn
65,Lmhaydu
66,james_lagow
67,Candor2016
68,Elizabe70853104
69,sue18137535
70,barlondsmith
71,jaylindgren08
72,ItsThiaRose
73,Mjaysmama
74,Phoenixcruiser1
75,mst3kharris
76,crazylunchguy
77,KarenWe44853431
78,Anytweetya
79,garvis_bill
80,tracy_marie25
81,ArealbossAM
82,AzSalmen
83,theusedtommo
84,missb62
85,MerryJon52
86,vpmattsaxe
87,gar757
88,DZPoodle
89,1585694736786096128
90,votematters2021
91,MZDIVA4LYFE0915
92,BergumT
93,faympras
94,EricroyN
95,LauraTripp57
96,SarahStruck4
97,JeffJun80346519
98,Frye1Virginia
99,amyj9702
100,KatP147369
101,kathleen1350
102,cj_devaan
103,msdebmn
104,SenateDFL
105,tina_pede
106,ConradHarms
107,marymackcomedy
108,kaybeekh
109,PeleKoolAid
110,mc1748
111,sweetbabygames6
112,robgriddle
113,SasekThomas
114,fields_hl
115,MLeibfried
116,DaleTL
117,mgido
118,kmneun
119,toms999
120,ElizabethLund11
121,dmillercfp
122,queenoftens
123,MattMoberg
124,carol49er
125,LiLSilverJ
126,Vanvikes
127,freebluebird19
128,uswanie49
129,RiceCountyDFL
130,federicolentini
131,grammycam
132,Empowerer
133,MN_Carlson
134,noventurenogain
135,Bemidji_Rita
136,kperrymn
137,larsonand83
138,HennRegionsPD
139,jsc1835
140,robbynb
141,bowsensboating
142,mdb1958
143,marsbarrow
144,PHILCP69
145,Progressive538
146,LindaSFroiland
147,Kmmn41457539
148,BethDav50135482
149,bomber9996
150,lmuhm22
151,Molly1Jo
152,IndivisibleMN58
153,BarbWanner
154,MaryjoNairn
155,TerryHardin22
156,JoMaloneMN
157,G99414846
158,albert_cashier
159,justpeachy543
160,LisaSwedenburg1
161,KcBuck
162,ChrisCondo3
163,NorthernLaces
164,flyhyland
165,bbpfankuch
166,edinaindivis
167,zentiques75
168,msmae1441
169,shamanbart
170,mary_gabel
171,KrisOrluck
172,MaryM500
173,jeromehoffman
174,JulieSirrs
175,forsberg_scott
176,adodger78
177,BurnettCynthia
178,TaggartNancy
179,15a7cdc77164414
180,JoanEmp6
181,cta1327
182,Restinpeacefred
183,1589970730493808641
184,JoeyNel20259583
185,kabiu
186,DFLCD2
187,SawyerWilliemae
188,ArtusBunnyBane
189,StephanieStoes1
190,HanamannSuz
191,WildGrrl14
192,SenatorCarlson
193,AamoldNelson
194,dodlil04
195,textifyer59
196,juliad444
197,Mojo70351087
198,RacistTwiitter
199,monicasloves
200,gar757
201,DragonFlyMSP
202,UsuallyBut
203,jess1962
204,dianefrost
205,KAkabueze
206,laminn
207,NajeebaSyeed
208,Kmmn41457539
209,EmersonFan1
210,ChicagoItaliano
211,Andallthatjazz2
212,madtilGOPisgone
213,shatteredshards
214,citizenstewart
215,IssacVirginia
216,suepafan
217,KtHathSpoken
218,CatharineTrebn1
219,FithanegestWel1
220,amanda_hocking
221,tammaradlawhead
222,TalkinToU
223,potvin_jennifer
224,Iuc_4s
225,MerryJon52
226,sdmohamed24
227,raptors606
228,Sean17856226
229,SThebulbmin
230,jensenlmr5
231,mdb1958
232,xaidan13
233,taetaegoalie
234,jenebene
235,MyMediaPractice
236,eriklundborg93
237,ACommonGood1
238,PurpleNation84
239,itsallbs2017
240,erishomsncom1
241,IndivisibleSPGM
242,LaurenJane2588
243,KJTeder
244,2antsy
245,JKaneK99
246,rshwaidy
247,donnahammond47
248,bethhentges
249,MaineOwl
250,EthanDinauer
251,KayLauffer1
252,LoveAmelia5
253,BrandonRubow
254,JoshBak73707600
255,MrTupperwar3
256,KCSnowGlobe
257,SENSIMILLIEA
258,TreeAffinity
259,JordanKrsnak
260,bridget4luv
261,bettynotto
262,LiLSilverJ
263,VoteHealth
264,TeresConnor
265,BenjaBeee
266,JVivone
267,nancywgonzalez
268,dflsd34
269,LindaSFroiland
270,drewpowell97
271,KrisOrluck
272,1590431641587286016
273,Bob_Stinson1234
274,stevecstny
275,cardgames15
276,KelvinH87468048
277,stoffel_mark
278,janet_yackle
279,timothyghorton
280,getjigwidnav
281,DaveGulstrand
282,Bob_Stinson1234
283,pejo0501
284,cj_devaan
285,Garrett41863071
286,MWPolitics101
287,Midw3stMom
288,SweetSueBlue
289,MplsMe
290,kylmxnglin
291,babiemk
292,notsoyounggrunt
293,Mycromatic_1
294,Murp1953Tim
295,SportsVikingBro
296,RupekRupek15
297,kareahum
298,VoteHealth
299,VanditaMoon
300,TanyaCo81507505
301,Oldlady12345
302,GSwensonSD
303,dawnmariemn1
304,onebluesky4
305,carolfriess
306,LeLe5417
307,jrmak0049
308,JohnHaun19
309,TShark4
310,RobertW04523526
311,hilary23lynn
312,avon_mn
313,comicmizchief
314,luciana0208
315,PrincessBelaire
316,Falcon7317
317,AvalonSwenson
318,DFLsd47
319,ElizabethKipp8
320,SammyJKoza
321,thegideonboots
322,MNPandora
323,ImamAsadZaman
324,Tania6T
325,XenaMn
326,Chonky_Chonkers
327,bgcath007
328,4rest4thetrees
329,JesusNarrowWay
330,nmofsrr
331,lolatoni
332,ET_okiguess
333,BrodieMart55
334,MerryJon52
335,KeanuReeve5252
336,MaikiaYang2015
337,awsomeninja119
338,ejrun22
339,votingspade
340,probablytoasted
341,annabellah2000
342,TalkinToU
343,sa41972697
344,MNDFL57
345,SilentEkoTV
346,BDBgoldens3
347,MumBot2000
348,swirlingthinks
349,willywi37028671
350,matthewfoley48
351,pjniska
352,gar757
353,evamaile
354,Vicki00431234
355,RobWolter1
356,lil_BabyChickie
357,ForsetiHenrik
358,MrsYoung0816
359,NajeebaSyeed
360,TeresConnor
